Timestamp,Title,Price,Original_price,Shipping,Item_url
2025-03-19 17:19:23,Microsoft Xbox Series S,US $299.00,,,https://www.ebay.com/itm/266190900217?_trkparms=5373%3A5000014449%7C5374%3ATech%7C5079%3A5000014449
2025-03-19 17:19:23,Apple iPhone 15 Pro 256gb ( Unlocked) US E-Sim Version. Excellent,US $674.99,,,https://www.ebay.com/itm/166613095133?_trkparms=5373%3A5000014449%7C5374%3ATech%7C5079%3A5000014449
2025-03-19 17:19:23,Google Pixel 8 Pro 128GB Factory Unlocked - Excellent,US $383.99,,,https://www.ebay.com/itm/226348022590?_trkparms=5373%3A5000014449%7C5374%3ATech%7C5079%3A5000014449
2025-03-19 17:19:23,"Seagate EXOS X16 ST14000NM005G 14TB 256MB 7200rpm 3.5"" SATA 6Gb/s Enterprise HDD",US $147.99,,,https://www.ebay.com/itm/176825170520?_trkparms=5373%3A5000014449%7C5374%3ATech%7C5079%3A5000014449
2025-03-19 17:19:23,Apple iPhone 14 Pro 128GB Unlocked - Excellent,US $446.95,,,https://www.ebay.com/itm/405469724990?_trkparms=5373%3A5000014449%7C5374%3ATech%7C5079%3A5000014468
2025-03-19 17:19:23,Apple iPhone 13 128GB Unlocked - Excellent,US $291.95,,,https://www.ebay.com/itm/404240045218?_trkparms=5373%3A5000014449%7C5374%3ATech%7C5079%3A5000014468
2025-03-19 17:19:23,Apple iPhone 13 128GB Unlocked - Excellent,US $301.99,,,https://www.ebay.com/itm/256350256024?_trkparms=5373%3A5000014449%7C5374%3ATech%7C5079%3A5000014468
2025-03-19 17:19:23,Apple iPhone 13 Pro 256GB Unlocked - Excellent,US $402.95,,,https://www.ebay.com/itm/386146593917?_trkparms=5373%3A5000014449%7C5374%3ATech%7C5079%3A5000014468
2025-03-19 17:19:24,"Lenovo LOQ 15.6"" FHD 144Hz Gaming Laptop i5-12450HX 12GB RAM 512GB SSD RTX 3050",US $599.99,US $880.99,,https://www.ebay.com/itm/126480962681?_trkparms=5373%3A5000014449%7C5374%3ATech%7C5079%3A5000014452
2025-03-19 17:19:24,"Lenovo LOQ-E 15.6"" FHD 144Hz Gaming Laptop i5-12450HX 8GB RAM 512GB SSD RTX 2050",US $499.99,US $699.99,,https://www.ebay.com/itm/126754097392?_trkparms=5373%3A5000014449%7C5374%3ATech%7C5079%3A5000014452
2025-03-19 17:19:24,MacBook Air 15-inch 2024 M3 / 16GB RAM / 512GB SSD / 10-Core GPU / Midnight,"US $1,099.00",,,https://www.ebay.com/itm/256520205430?_trkparms=5373%3A5000014449%7C5374%3ATech%7C5079%3A5000014452
2025-03-19 17:19:24,"Microsoft R1V-00009-SG 13.5"" 8GB 512GB Surface Laptop-5 - Certified Refurbished",US $459.99,"US $1,099.99",,https://www.ebay.com/itm/135463162076?_trkparms=5373%3A5000014449%7C5374%3ATech%7C5079%3A5000014452
2025-03-19 17:19:24,Celestron 93973 SkyQ Link 2 Wi-Fi Module (Black),US $109.99,US $169.95,,https://www.ebay.com/itm/374232972694?_trkparms=5373%3A5000014449%7C5374%3ATech%7C5079%3A5000014464
2025-03-19 17:19:24,50-in-1 + Waterproof Case for Gopro Hero 12 11 10 Action Camera Accessory Kit,US $39.99,,,https://www.ebay.com/itm/116174595662?_trkparms=5373%3A5000014449%7C5374%3ATech%7C5079%3A5000014464
2025-03-19 17:19:24,"DJI Osmo Mobile SE Gimbal, 3-Axis, Portable , Foldable, Android , iPhone Gimbal",US $69.00,,,https://www.ebay.com/itm/305001613153?_trkparms=5373%3A5000014449%7C5374%3ATech%7C5079%3A5000014464
2025-03-19 17:19:24,AOCHUAN Smart XE 3-Axis Smartphone Gimbal Stabilizer for iPhone Android Phones,US $49.00,,Free shipping,https://www.ebay.com/itm/405047322473?_trkparms=5373%3A5000014449%7C5374%3ATech%7C5079%3A5000014464
2025-03-19 17:19:24,"Bose Solo Soundbar 2 Home Theater, Certified Refurbished",US $149.00,US $199.00,,https://www.ebay.com/itm/167031735841?_trkparms=5373%3A5000014449%7C5374%3ATech%7C5079%3A5000014481
2025-03-19 17:19:24,Onn. Google TV 4K Streaming 4K UHD Resolution 2023 Brand New,US $26.00,,,https://www.ebay.com/itm/225931956556?_trkparms=5373%3A5000014449%7C5374%3ATech%7C5079%3A5000014481
2025-03-19 17:19:24,BenQ GP500 4K HDR LED Smart Home Theater Projector 1500 Lm Auto Focus 1.3x zoom,US $734.00,"US $1,799.00",,https://www.ebay.com/itm/166398780476?_trkparms=5373%3A5000014449%7C5374%3ATech%7C5079%3A5000014481
2025-03-19 17:19:24,BenQ HT2060 1080p HDR10 Home Theater LED Projector 4K supported 2300lm w/Speaker,US $726.00,"US $1,099.99",,https://www.ebay.com/itm/166234944317?_trkparms=5373%3A5000014449%7C5374%3ATech%7C5079%3A5000014481
2025-03-19 17:19:24,"Apple iPad 9 (2021) 10.2"" 64GB 256GB Space Gray Silver WiFi or Cellular - Good",US $189.99,,,https://www.ebay.com/itm/165337813141?_trkparms=5373%3A5000014449%7C5374%3ATech%7C5079%3A5000014454
2025-03-19 17:19:24,"Samsung Galaxy Tab S8 Ultra 14.6"" 128GB X900 Wifi Only No S-Pen - Excellent",US $390.00,US $899.99,,https://www.ebay.com/itm/256402595266?_trkparms=5373%3A5000014449%7C5374%3ATech%7C5079%3A5000014454
2025-03-19 17:19:24,"Samsung Galaxy Tab S8 Ultra 14.6"" 128GB X900 Wifi Only - Excellent",US $437.00,US $899.99,,https://www.ebay.com/itm/256728624782?_trkparms=5373%3A5000014449%7C5374%3ATech%7C5079%3A5000014454
2025-03-19 17:19:24,"Samsung Galaxy Tab S9 FE 5G SM-X518U AT&T Unlocked (Any Carrier) 10.9"" 128GB",US $274.99,US $500.00,,https://www.ebay.com/itm/204770375443?_trkparms=5373%3A5000014449%7C5374%3ATech%7C5079%3A5000014454
2025-03-19 17:19:25,Nintendo new 3DS LL XL Console only Various colors Used RANK A/B Region free,US $234.99,,Free shipping,https://www.ebay.com/itm/392605432382?_trkparms=5373%3A5000014449%7C5374%3ATech%7C5079%3A5000014470
2025-03-19 17:19:25,PS Vita PCH-2000 Sony Playstation Accessory complete Console Used (Excellent),US $174.99,,Free shipping,https://www.ebay.com/itm/394111931672?_trkparms=5373%3A5000014449%7C5374%3ATech%7C5079%3A5000014470
2025-03-19 17:19:25,RULE OF ROSE ENG PS2 PAL UK BRAND NEW SEALED 505 GAMES QUALITY CECK CONTROL,US $262.14,,,https://www.ebay.com/itm/256673834870?_trkparms=5373%3A5000014449%7C5374%3ATech%7C5079%3A5000014470
2025-03-19 17:19:25,Sony PS5 Genuine Stick Module CFI-ZSM1G for DualSense Edge NEW FAST SHIPPING,US $37.50,,Free shipping,https://www.ebay.com/itm/126828529391?_trkparms=5373%3A5000014449%7C5374%3ATech%7C5079%3A5000014470
2025-03-19 17:19:25,Pivo Pod Silver with Remote and Travel Case - Fast Auto Tracking Phone Silver,US $49.99,,,https://www.ebay.com/itm/334638953359?_trkparms=5373%3A5000014449%7C5374%3ATech%7C5079%3A5000014474
2025-03-19 17:19:25,ORIGINAL BATTERY SAMSUNG EB-BN980ABY GALAXY NOTE 20 5G SM-N980F/DS SM-N981U OEM,US $28.30,,,https://www.ebay.com/itm/135102614669?_trkparms=5373%3A5000014449%7C5374%3ATech%7C5079%3A5000014474
2025-03-19 17:19:25,Genuine / Official Apple iPhone 13 Silicone MagSafe Case / Cover - Blue Jay,US $44.13,US $63.62,,https://www.ebay.com/itm/374184094391?_trkparms=5373%3A5000014449%7C5374%3ATech%7C5079%3A5000014474
2025-03-19 17:19:25,Apple AirTag Bluetooth GPS Tracker Silver MX532AM/A A2187 For iPhone & iPad,US $22.95,,,https://www.ebay.com/itm/296373153889?_trkparms=5373%3A5000014449%7C5374%3ATech%7C5079%3A5000014474
2025-03-19 17:19:25,Taramps DS 2000x4 2 Ohms 2000 Watts RMS 4-Channel 500x4 Watts RMS Class D,US $217.99,,Free shipping,https://www.ebay.com/itm/354493911383?_trkparms=5373%3A5000014449%7C5374%3ATech%7C5079%3A5000014450
2025-03-19 17:19:25,WOLFBOX G840S 12‚ÄùMirror Dash Cam 4K Rear View Mirror Dash Camera Front and Rear,US $64.99,US $104.99,,https://www.ebay.com/itm/225914453447?_trkparms=5373%3A5000014449%7C5374%3ATech%7C5079%3A5000014450
2025-03-19 17:19:25,"REDTIGER Dash Camera 4K Front and Rear Dash Cam Built-In WiFi & GPS, App control",US $69.99,US $129.99,,https://www.ebay.com/itm/285933024479?_trkparms=5373%3A5000014449%7C5374%3ATech%7C5079%3A5000014450
2025-03-19 17:19:25,REDTIGER F9 4K Dash Cam Front and Rear Dash Camera WiFi GPS with Free 32GB Card,US $59.99,US $119.99,,https://www.ebay.com/itm/285572040505?_trkparms=5373%3A5000014449%7C5374%3ATech%7C5079%3A5000014450
2025-03-19 17:19:25,"Seagate IronWolf 12TB 7200RPM SATA 6Gb/s 256MB 3.5"" NAS Hard Drive ST12000VN0007",US $133.99,,,https://www.ebay.com/itm/166672350380?_trkparms=5373%3A5000014449%7C5374%3ATech%7C5079%3A5000014456
2025-03-19 17:19:25,"Seagate IronWolf Pro 10TB 7200RPM SATA 6Gb/s 256MB 3.5"" NAS HDD - ST10000NE0004",US $128.99,,,https://www.ebay.com/itm/167272951826?_trkparms=5373%3A5000014449%7C5374%3ATech%7C5079%3A5000014456
2025-03-19 17:19:25,"Seagate Exos 28TB 7.2K RPM SATA 6Gb/s 3.5"" Enterprise HDD - ST28000NM000C",US $334.99,,,https://www.ebay.com/itm/296879436001?_trkparms=5373%3A5000014449%7C5374%3ATech%7C5079%3A5000014456
2025-03-19 17:19:25,MSI SPATIUM Series M482 M.2 2280 2TB PCI-Express 4.0 x4 Internal Solid State Dri,US $152.99,,,https://www.ebay.com/itm/386842541654?_trkparms=5373%3A5000014449%7C5374%3ATech%7C5079%3A5000014456
2025-03-19 17:19:25,"HP OfficeJet 250 Mobile All-in-One Printer | Mobile Print, Scan, Copy | CZ992A",US $389.99,US $489.99,,https://www.ebay.com/itm/155769674699?_trkparms=5373%3A5000014449%7C5374%3ATech%7C5079%3A5000014472
2025-03-19 17:19:26,New Zebra ZD421 Direct Thermal Desktop Label Printer 203 dpi No Ribbon Required,US $299.00,US $499.00,,https://www.ebay.com/itm/116462122244?_trkparms=5373%3A5000014449%7C5374%3ATech%7C5079%3A5000014472
2025-03-19 17:19:26,New Zebra ZD421 ZD4AH42-D01E00EZ Direct Thermal Label Healthcare Printer 203 dpi,US $399.00,US $669.00,,https://www.ebay.com/itm/116415636410?_trkparms=5373%3A5000014449%7C5374%3ATech%7C5079%3A5000014472
2025-03-19 17:19:26,50Y0096 POS Thermal Printer Print Head for IBM SureMark 4610-1NR 4610-1ND 203dpi,US $25.31,,Free shipping,https://www.ebay.com/itm/133777216696?_trkparms=5373%3A5000014449%7C5374%3ATech%7C5079%3A5000014472
2025-03-19 17:19:26,Original Toner HP ColorLaserjet 4700 N DN DTN / 643A Q5950A Q5951A Q5952A Q5953A,US $108.18,,,https://www.ebay.com/itm/356206193387?_trkparms=5373%3A5000014449%7C5374%3ATech%7C5079%3A5000014472
2025-03-19 17:19:26,Sony MDR-7506 Professional Studio Wired Headphone Headset,US $59.79,,Free shipping,https://www.ebay.com/itm/356129102114?_trkparms=5373%3A5000014449%7C5374%3ATech%7C5079%3A5000014460
2025-03-19 17:19:26,"NEW, Apple iPod Classic 7th Generation 160GB Black( Retail box)-5 years Warranty",US $179.09,,Free shipping,https://www.ebay.com/itm/145942297127?_trkparms=5373%3A5000014449%7C5374%3ATech%7C5079%3A5000014460
2025-03-19 17:19:26,Sony WF-1000XM5 Truly Wireless Bluetooth Noise Canceling Headphones - Black,US $112.99,US $299.99,,https://www.ebay.com/itm/276015021037?_trkparms=5373%3A5000014449%7C5374%3ATech%7C5079%3A5000014460
2025-03-19 17:19:26,Bose SoundSport Wired 3.5mm Jack Earphones Headphones Earbuds Charcoal-Black,US $29.80,,Free shipping,https://www.ebay.com/itm/356129102581?_trkparms=5373%3A5000014449%7C5374%3ATech%7C5079%3A5000014460
2025-03-19 17:19:26,Canon RF 28-70mm f/2.8 IS STM Lens Canon RF,US $999.00,"US $1,099.00",,https://www.ebay.com/itm/286086611827?_trkparms=5373%3A5000014449%7C5374%3ATech%7C5079%3A5000014476
2025-03-19 17:19:26,32mm to 37mm Step Upping Cover Adapter Cover Lens Adapter Filter Camera,US $3.49,,Free shipping,https://www.ebay.com/itm/394158348565?_trkparms=5373%3A5000014449%7C5374%3ATech%7C5079%3A5000014476
2025-03-19 17:19:26,Mamiya / Phaseone 645 Zoom-AF 55-110 4.5 - Top Zustand! RAR,US $545.26,,,https://www.ebay.com/itm/186758103412?_trkparms=5373%3A5000014449%7C5374%3ATech%7C5079%3A5000014476
2025-03-19 17:19:26,"Lomo Smena T-43, 4/40mm, f√ºr M39 | Vintage lens",US $75.40,,Free shipping,https://www.ebay.com/itm/305881462174?_trkparms=5373%3A5000014449%7C5374%3ATech%7C5079%3A5000014476
2025-03-19 17:19:26,Sony MDR-7506 Professional Studio Wired Headphone Headset,US $59.79,,Free shipping,https://www.ebay.com/itm/356129102114?_trkparms=5373%3A5000014449%7C5374%3ATech%7C5079%3A5000014488
2025-03-19 17:19:26,Taramps DS 2000x4 2 Ohms 2000 Watts RMS 4-Channel 500x4 Watts RMS Class D,US $217.99,,Free shipping,https://www.ebay.com/itm/354493911383?_trkparms=5373%3A5000014449%7C5374%3ATech%7C5079%3A5000014488
2025-03-19 17:19:26,"NEW, Apple iPod Classic 7th Generation 160GB Black( Retail box)-5 years Warranty",US $179.09,,Free shipping,https://www.ebay.com/itm/145942297127?_trkparms=5373%3A5000014449%7C5374%3ATech%7C5079%3A5000014488
2025-03-19 17:19:26,"Bose Solo Soundbar 2 Home Theater, Certified Refurbished",US $149.00,US $199.00,,https://www.ebay.com/itm/167031735841?_trkparms=5373%3A5000014449%7C5374%3ATech%7C5079%3A5000014488
2025-03-19 17:19:26,Otto the Rhino DVD 2012 Animated English Version BRAND-NEW Sealed 9z,US $8.88,US $24.95,Free shipping,https://www.ebay.com/itm/176906606227?_trkparms=5373%3A5000014449%7C5374%3ATech%7C5079%3A5000014458
2025-03-19 17:19:27,4 Movie Collection Comedy Life / Roscoe Jenkins / Bulletproof / Major Payne 9z,US $11.57,US $28.95,Free shipping,https://www.ebay.com/itm/176908198807?_trkparms=5373%3A5000014449%7C5374%3ATech%7C5079%3A5000014458
2025-03-19 17:19:27,"Out Of Liberty DVD With Brandon Ray Olive , 2019, Brand New Sealed FREE SHIP 9z",US $8.88,US $19.95,Free shipping,https://www.ebay.com/itm/405628490138?_trkparms=5373%3A5000014449%7C5374%3ATech%7C5079%3A5000014458
2025-03-19 17:19:27,Postman Pat-The Movie (DVD 2014) Jim Broadbent- Rupert Grint- David Tennant 9z,US $8.88,US $19.95,Free shipping,https://www.ebay.com/itm/405628830079?_trkparms=5373%3A5000014449%7C5374%3ATech%7C5079%3A5000014458
2025-03-19 17:19:27,Lenovo DK1633 40A9 ThinkPad USB-C Dock Station 40A90090US + 90W Power Supply,US $55.00,,,https://www.ebay.com/itm/145072664056?_trkparms=5373%3A5000014449%7C5374%3ATech%7C5079%3A5000014478
2025-03-19 17:19:27,"Xiaomi Mi Computer Monitor Light Bar - , Extra Computer Lighting",US $29.99,,,https://www.ebay.com/itm/126003498904?_trkparms=5373%3A5000014449%7C5374%3ATech%7C5079%3A5000014478
2025-03-19 17:19:27,For iPad Pro 11'' (M4 2024) Case | Ringke [Fusion Sketch Stand] for Drawing,US $35.99,US $40.99,,https://www.ebay.com/itm/256583927129?_trkparms=5373%3A5000014449%7C5374%3ATech%7C5079%3A5000014478
2025-03-19 17:19:27,For iPad Pro 11'' (4/3/2/1) Case | Ringke [Fusion Sketch Stand] for Drawing,US $32.99,US $37.99,,https://www.ebay.com/itm/266921467304?_trkparms=5373%3A5000014449%7C5374%3ATech%7C5079%3A5000014478
2025-03-19 17:19:27,Apple iPhone 14 Pro 128GB Unlocked - Excellent,US $446.95,,,https://www.ebay.com/itm/405469724990?_trkparms=5373%3A5000014449%7C5374%3ATech%7C5079%3A5000014466
2025-03-19 17:19:27,Apple iPhone 13 128GB Unlocked - Excellent,US $291.95,,,https://www.ebay.com/itm/404240045218?_trkparms=5373%3A5000014449%7C5374%3ATech%7C5079%3A5000014466
2025-03-19 17:19:27,Apple iPhone 13 128GB Unlocked - Excellent,US $301.99,,,https://www.ebay.com/itm/256350256024?_trkparms=5373%3A5000014449%7C5374%3ATech%7C5079%3A5000014466
2025-03-19 17:19:27,Apple iPhone 13 Pro 256GB Unlocked - Excellent,US $402.95,,,https://www.ebay.com/itm/386146593917?_trkparms=5373%3A5000014449%7C5374%3ATech%7C5079%3A5000014466
2025-03-19 17:19:27,"Lenovo LOQ 15.6"" FHD 144Hz Gaming Laptop i5-12450HX 12GB RAM 512GB SSD RTX 3050",US $599.99,US $880.99,,https://www.ebay.com/itm/126480962681?_trkparms=5373%3A5000014449%7C5374%3ATech%7C5079%3A5000014490
2025-03-19 17:19:27,"Seagate IronWolf 12TB 7200RPM SATA 6Gb/s 256MB 3.5"" NAS Hard Drive ST12000VN0007",US $133.99,,,https://www.ebay.com/itm/166672350380?_trkparms=5373%3A5000014449%7C5374%3ATech%7C5079%3A5000014490
2025-03-19 17:19:27,Intel Xeon Gold 6254 3.1GHz 24.75MB 18-Core 200W FCLGA3647 SRF92,US $245.00,,,https://www.ebay.com/itm/235898025773?_trkparms=5373%3A5000014449%7C5374%3ATech%7C5079%3A5000014490
2025-03-19 17:19:27,"Lenovo LOQ-E 15.6"" FHD 144Hz Gaming Laptop i5-12450HX 8GB RAM 512GB SSD RTX 2050",US $499.99,US $699.99,,https://www.ebay.com/itm/126754097392?_trkparms=5373%3A5000014449%7C5374%3ATech%7C5079%3A5000014490
2025-03-19 16:41:56,Samsung Galaxy S22+ 5G SM-S906U1 128GB 256GB Unlocked Very Good Refurbished,$234.95,"$1,199.99",N/A,https://www.ebay.com/itm/204769428202?_trkparms=5373%3A5000006400%7C5374%3ATech%7C5079%3A5000006400
2025-03-19 16:41:56,Logitech - G CLOUD Gaming Handheld Console - White,$164.99,$349.99,N/A,https://www.ebay.com/itm/167017920150?_trkparms=5373%3A5000006400%7C5374%3ATech%7C5079%3A5000006400
2025-03-19 16:41:56,"Seagate Exos 28TB 7.2K RPM SATA 6Gb/s 3.5"" Enterprise HDD - ST28000NM000C",$334.99,$379.99,N/A,https://www.ebay.com/itm/296879436001?_trkparms=5373%3A5000006400%7C5374%3ATech%7C5079%3A5000006400
2025-03-19 16:41:56,"HP ENVY Laptop Intel Core Ultra 7 155U RTX 3050 32GB RAM 1TB SSD 17.3"" FHD W11H",$769.99,"$1,099.99",N/A,https://www.ebay.com/itm/305844871800?_trkparms=5373%3A5000006400%7C5374%3ATech%7C5079%3A5000006400
2025-03-19 16:41:56,Apple Watch Series 6 40mm (GPS + Cellular) Aluminum Case - Very Good,$119.99,$599.00,N/A,https://www.ebay.com/itm/254878963982?_trkparms=5373%3A5000006400%7C5374%3ATech%7C5079%3A5000006400
2025-03-19 16:41:56,"Klipsch R-120SWi 12"" High-Performance Wireless Subwoofer",$159.99,$179.99,N/A,https://www.ebay.com/itm/365374754988?_trkparms=5373%3A5000006400%7C5374%3ATech%7C5079%3A5000006400
2025-03-19 16:41:57,"DS18 Car Speakers Package 4x Speakers 6.5"" Mid Range & 4x Super Bullet Tweeters",$147.95,N/A,N/A,https://www.ebay.com/itm/305328660268?_trkparms=5373%3A5000006400%7C5374%3ATech%7C5079%3A5000006400
2025-03-19 16:41:57,"Lenovo - Legion 7i 16"" Gaming Laptop WQXGA - Intel 14th Gen Core i7 with 16GB...",N/A,"$1,699.99",N/A,https://www.ebay.com/itm/326094965111?_trkparms=5373%3A5000006400%7C5374%3ATech%7C5079%3A5000006400
2025-03-19 16:41:57,"HP - Envy 2-in-1 14"" Full HD Touch-Screen Laptop - Intel Core 5 - 8GB Memory ...",N/A,$799.99,N/A,https://www.ebay.com/itm/196337568322?_trkparms=5373%3A5000006400%7C5374%3ATech%7C5079%3A5000006400
2025-03-19 16:41:57,"Dell Latitude 14 5450 14"" FHD IPS Intel Ultra 5 135U 16GB 512GB SSD W11P Laptop",$640.00,$999.99,N/A,https://www.ebay.com/itm/376023741194?_trkparms=5373%3A5000006400%7C5374%3ATech%7C5079%3A5000006400
2025-03-19 16:41:57,"Seagate IronWolf 12TB 7200RPM SATA 6Gb/s 256MB 3.5"" NAS Hard Drive ST12000VN0007",$133.99,$189.99,N/A,https://www.ebay.com/itm/166672350380?_trkparms=5373%3A5000006400%7C5374%3ATech%7C5079%3A5000006400
2025-03-19 16:41:57,"ASUS ROG Strix G16 16"" 165Hz i9-13980HX 16GB 1TB SSD RTX 4060 8GB Gaming Gray","$1,219.99","$1,485.99",N/A,https://www.ebay.com/itm/296361815222?_trkparms=5373%3A5000006400%7C5374%3ATech%7C5079%3A5000006400
2025-03-19 16:41:57,Apple iPhone 14 256GB Factory Unlocked AT&T T-Mobile Verizon Very Good Condition,$369.95,$899.00,N/A,https://www.ebay.com/itm/295504908589?_trkparms=5373%3A5000006400%7C5374%3ATech%7C5079%3A5000006423
2025-03-19 16:41:57,Apple iPhone 12 64GB - Fully Unlocked - VERY GOOD Condition!! Unlocked!!,$210.99,$599.00,N/A,https://www.ebay.com/itm/325852789181?_trkparms=5373%3A5000006400%7C5374%3ATech%7C5079%3A5000006423
2025-03-19 16:41:57,Apple iPhone 14 256GB Network Unlocked Excellent Condition,$406.19,$426.21,N/A,https://www.ebay.com/itm/356103750807?_trkparms=5373%3A5000006400%7C5374%3ATech%7C5079%3A5000006423
2025-03-19 16:41:57,Apple iPhone 12 Pro A2341 256GB Unlocked Good Condition,$299.99,N/A,N/A,https://www.ebay.com/itm/354519904238?_trkparms=5373%3A5000006400%7C5374%3ATech%7C5079%3A5000006423
2025-03-19 16:41:57,Apple iPhone 12 Mini 64GB Unlocked Excellent Condition,$184.99,$209.06,N/A,https://www.ebay.com/itm/356348512418?_trkparms=5373%3A5000006400%7C5374%3ATech%7C5079%3A5000006423
2025-03-19 16:41:57,"HP Laptop AMD Ryzen 5 7530U 16GB 1 TB SSD 17.3"" Touchscreen W11H 17-cp3055cl",$399.99,$599.99,N/A,https://www.ebay.com/itm/305956067711?_trkparms=5373%3A5000006400%7C5374%3ATech%7C5079%3A5000006407
2025-03-19 16:41:57,"Apple MacBook Pro 13"" Late 2020 M1 1TB SSD 16GB RAM Space Gray - Good",$649.99,N/A,N/A,https://www.ebay.com/itm/156171886224?_trkparms=5373%3A5000006400%7C5374%3ATech%7C5079%3A5000006407
2025-03-19 16:41:57,"Acer Aspire 3 Laptop 15.6"" 1TB AMD Ryzen 5 7520U 2.8GHz Certified Reburbished",$275.99,$499.99,N/A,https://www.ebay.com/itm/266889342994?_trkparms=5373%3A5000006400%7C5374%3ATech%7C5079%3A5000006407
2025-03-19 16:41:57,Acer PredatorNeo Laptop 16 16GB 1TB NVIDIA GeForce RTX4060 Certified Refurbished,$960.99,"$2,371.82",N/A,https://www.ebay.com/itm/266889342832?_trkparms=5373%3A5000006400%7C5374%3ATech%7C5079%3A5000006407
2025-03-19 16:41:57,"Apple MacBook Pro 2021 MS3-96w M1 Pro 16GB RAM 16"" 512GB SSD Very Good",$899.00,"$1,499.00",N/A,https://www.ebay.com/itm/146346000047?_trkparms=5373%3A5000006400%7C5374%3ATech%7C5079%3A5000006407
2025-03-19 16:41:57,LG 55-Inch Class OLED evo G4 Series 4K TV with webOS 24,"$1,499.00","$3,199.95",N/A,https://www.ebay.com/itm/186732090674?_trkparms=5373%3A5000006400%7C5374%3ATech%7C5079%3A5000006409
2025-03-19 16:41:57,Samsung Music Frame Dolby Atmos Picture Frame/Smart Speaker,$183.00,$499.99,N/A,https://www.ebay.com/itm/186849010545?_trkparms=5373%3A5000006400%7C5374%3ATech%7C5079%3A5000006409
2025-03-19 16:41:58,LG 77-Inch Class OLED evo C4 Series TV with webOS 24,"$1,856.00","$4,199.95",N/A,https://www.ebay.com/itm/156232239135?_trkparms=5373%3A5000006400%7C5374%3ATech%7C5079%3A5000006409
2025-03-19 16:41:58,BenQ GP500 4K HDR LED Smart Home Theater Projector 1500 Lm Auto Focus 1.3x zoom,$734.00,"$1,799.00",N/A,https://www.ebay.com/itm/166398780476?_trkparms=5373%3A5000006400%7C5374%3ATech%7C5079%3A5000006409
2025-03-19 16:41:58,BenQ X300G 2000lm 4K Portable Gaming Projector 4ms Short Throw 3D Auto Keystone,$947.00,"$1,499.99",N/A,https://www.ebay.com/itm/375807945661?_trkparms=5373%3A5000006400%7C5374%3ATech%7C5079%3A5000006409
2025-03-19 16:41:58,DJI Mavic 3 Classic Fly More Pro Vlogger -2 Battery Combo (DJI RC) Drone-CRB,"$1,499.00","$1,899.00",N/A,https://www.ebay.com/itm/305955941857?_trkparms=5373%3A5000006400%7C5374%3ATech%7C5079%3A5000006430
2025-03-19 16:41:58,DJI Mini 3 Pro Fly More Vlogger Combo (DJI RC ) Drone 4k,$937.00,"$1,249.00",N/A,https://www.ebay.com/itm/305845152874?_trkparms=5373%3A5000006400%7C5374%3ATech%7C5079%3A5000006430
2025-03-19 16:41:58,Samsung Music Frame Dolby Atmos Picture Frame/Smart Speaker,$183.00,$499.99,N/A,https://www.ebay.com/itm/186849010545?_trkparms=5373%3A5000006400%7C5374%3ATech%7C5079%3A5000006430
2025-03-19 16:41:58,Sony FE 24-70mm F2.8 GM II Lens,"$1,719.00","$2,306.99",N/A,https://www.ebay.com/itm/204911213109?_trkparms=5373%3A5000006400%7C5374%3ATech%7C5079%3A5000006430
2025-03-19 16:41:58,"Panasonic LUMIX GH5M2, 20.3MP Mirrorless Micro Four Thirds Camera with Live",$874.00,"$1,187.99",N/A,https://www.ebay.com/itm/205309160774?_trkparms=5373%3A5000006400%7C5374%3ATech%7C5079%3A5000006430
2025-03-19 16:41:58,Nintendo Switch OLED 64GB NEON Red Blue Joy Con Newest Version +FAST FREE SHIP!‚≠ê,$269.99,$359.99,N/A,https://www.ebay.com/itm/195122716310?_trkparms=5373%3A5000006400%7C5374%3ATech%7C5079%3A5000006401
2025-03-19 16:41:58,üî• Nintendo Switch OLED 64GB WHITE Joy Cons Newest Game Console + 2 Day SHIP! üî•,$269.99,$369.99,N/A,https://www.ebay.com/itm/194991515485?_trkparms=5373%3A5000006400%7C5374%3ATech%7C5079%3A5000006401
2025-03-19 16:41:58,"Audeze Maxwell Wireless Gaming Headset for Xbox, PS, Mac, & PC",$278.00,$373.99,N/A,https://www.ebay.com/itm/205305863435?_trkparms=5373%3A5000006400%7C5374%3ATech%7C5079%3A5000006401
2025-03-19 16:41:58,"Audeze Maxwell Wireless Gaming Headset for PlayStation, Mac, PC, and Switch",$264.00,$305.99,N/A,https://www.ebay.com/itm/197038681586?_trkparms=5373%3A5000006400%7C5374%3ATech%7C5079%3A5000006401
2025-03-19 16:41:58,Nintendo Switch Console with Neon Blue and Neon Red Joy Cons 32GB V2,$243.33,$299.99,N/A,https://www.ebay.com/itm/195302472644?_trkparms=5373%3A5000006400%7C5374%3ATech%7C5079%3A5000006401
2025-03-19 16:41:58,"2020 iPad 8th Gen 10.2"" MYN32LL/A 32GB & Cellular Unlocked (Space Gray) - Good",$136.99,$329.00,N/A,https://www.ebay.com/itm/354250488438?_trkparms=5373%3A5000006400%7C5374%3ATech%7C5079%3A5000006415
2025-03-19 16:41:58,"Samsung Galaxy Tab S8 Ultra 14.6"" 128GB X900 Wifi Only No S-Pen - Excellent",$390.00,$899.99,N/A,https://www.ebay.com/itm/256402595266?_trkparms=5373%3A5000006400%7C5374%3ATech%7C5079%3A5000006415
2025-03-19 16:41:58,Apple - Geek Squad Certified Refurbished 11-Inch iPad Pro with Wi-Fi - 128GB ...,N/A,$799.00,N/A,https://www.ebay.com/itm/196689072910?_trkparms=5373%3A5000006400%7C5374%3ATech%7C5079%3A5000006415
2025-03-19 16:41:58,Acer Iconia Android Tablet - 64GB SSD - A8 A8-11-A30S - Certified Refurbished,$79.99,N/A,N/A,https://www.ebay.com/itm/256754458088?_trkparms=5373%3A5000006400%7C5374%3ATech%7C5079%3A5000006415
2025-03-19 16:41:58,Apple iPad Mini (A17 Pro) 128GB WiFi Excellent Condition - All Colors,$389.99,$499.99,N/A,https://www.ebay.com/itm/286219710468?_trkparms=5373%3A5000006400%7C5374%3ATech%7C5079%3A5000006415
2025-03-19 16:41:58,Apple AirPods Pro 2nd Generation Gen 2 2023 A2968 with Magsafe USB-C Charging,$149.95,$250.00,N/A,https://www.ebay.com/itm/285636515887?_trkparms=5373%3A5000006400%7C5374%3ATech%7C5079%3A5000006419
2025-03-19 16:41:58,Sony WF-1000XM5 Truly Wireless Bluetooth Noise Canceling Headphones - Black,$112.99,$299.99,N/A,https://www.ebay.com/itm/276015021037?_trkparms=5373%3A5000006400%7C5374%3ATech%7C5079%3A5000006419
2025-03-19 16:41:59,Anker PowerCoreIII Sense Portable Charger 10K Power Bank 20W USB-C for iPhone,$14.99,$39.99,N/A,https://www.ebay.com/itm/383508840902?_trkparms=5373%3A5000006400%7C5374%3ATech%7C5079%3A5000006419
2025-03-19 16:41:59,Anker 20W USB-C Portable Charger Power Bank 10000mAh Power Delivery Battery Pack,$14.99,$39.99,N/A,https://www.ebay.com/itm/385001141142?_trkparms=5373%3A5000006400%7C5374%3ATech%7C5079%3A5000006419
2025-03-19 16:41:59,Soundcore Liberty 4 SE True Wireless Earbuds Heart Rate Sensor Noise Cancelling,$46.99,$149.99,N/A,https://www.ebay.com/itm/385693088002?_trkparms=5373%3A5000006400%7C5374%3ATech%7C5079%3A5000006419
2025-03-19 16:41:59,"Seagate Exos X20 20TB 7.2K RPM SATA 6Gb/s 3.5"" Enterprise HDD - ST20000NM007D",$232.99,$259.99,N/A,https://www.ebay.com/itm/304560559930?_trkparms=5373%3A5000006400%7C5374%3ATech%7C5079%3A5000006421
2025-03-19 16:41:59,"Seagate Skyhawk AI ST12000VX0017 12TB 7200RPM 3.5"" SATA 6.0Gb/s Surveillance HDD",$115.99,$179.99,N/A,https://www.ebay.com/itm/176895047318?_trkparms=5373%3A5000006400%7C5374%3ATech%7C5079%3A5000006421
2025-03-19 16:41:59,"Seagate EXOS X16 ST14000NM005G 14TB 256MB 7200rpm 3.5"" SATA 6Gb/s Enterprise HDD",$147.99,$199.99,N/A,https://www.ebay.com/itm/176825170520?_trkparms=5373%3A5000006400%7C5374%3ATech%7C5079%3A5000006421
2025-03-19 16:41:59,"Seagate EXOS X16 16TB 256MB 7200rpm 3.5"" SATA 6Gb/s Enterprise HDD ST16000NM001G",$179.99,$219.99,N/A,https://www.ebay.com/itm/175804626117?_trkparms=5373%3A5000006400%7C5374%3ATech%7C5079%3A5000006421
2025-03-19 16:41:59,"Seagate ST12000NM0117 12TB 256MB 7200RPM 3.5"" SATA 6.0Gb/s Enterprise Hard Drive",$124.99,$179.99,N/A,https://www.ebay.com/itm/176407579611?_trkparms=5373%3A5000006400%7C5374%3ATech%7C5079%3A5000006421
2025-03-19 16:41:59,"Aura Studio 3, Wireless speaker with beautiful Harman Kardon sound",$99.95,$299.95,N/A,https://www.ebay.com/itm/395535173196?_trkparms=5373%3A5000006400%7C5374%3ATech%7C5079%3A5000006403
2025-03-19 16:41:59,STATUS Between 3ANC Wireless Earbuds (CERTIFIED REFURBISHED) - ONYX,$82.88,$119.00,N/A,https://www.ebay.com/itm/266692431952?_trkparms=5373%3A5000006400%7C5374%3ATech%7C5079%3A5000006403
2025-03-19 16:41:59,Sony WH-1000XM5/B Wireless Industry Leading Noise Canceling Bluetooth Headphones,$199.99,$399.99,N/A,https://www.ebay.com/itm/314074071401?_trkparms=5373%3A5000006400%7C5374%3ATech%7C5079%3A5000006403
2025-03-19 16:41:59,Skullcandy Smokin' Buds XT- Black (CERTIFIED REFURBISHED),$11.13,$18.99,N/A,https://www.ebay.com/itm/266646620402?_trkparms=5373%3A5000006400%7C5374%3ATech%7C5079%3A5000006403
2025-03-19 16:41:59,Sony WF-1000XM5 Truly Wireless Bluetooth Noise Canceling Headphones - Silver,$112.99,$299.99,N/A,https://www.ebay.com/itm/276042057973?_trkparms=5373%3A5000006400%7C5374%3ATech%7C5079%3A5000006403
2025-03-19 16:41:59,Ricoh/Fujitsu ScanSnap iX1400 One-Touch 600dpi 40ppm/80ipm Auto Duplex Scanner,$195.00,$435.00,N/A,https://www.ebay.com/itm/176489716730?_trkparms=5373%3A5000006400%7C5374%3ATech%7C5079%3A5000006417
2025-03-19 16:41:59,Epson RapidReceipt RR-600W Wireless Scanner - Certified Refurbished,$279.99,$299.99,N/A,https://www.ebay.com/itm/204884183797?_trkparms=5373%3A5000006400%7C5374%3ATech%7C5079%3A5000006417
2025-03-19 16:41:59,Epson Perfection V600 Photo Scanner - Certified Refurbished,$299.99,N/A,N/A,https://www.ebay.com/itm/226451126467?_trkparms=5373%3A5000006400%7C5374%3ATech%7C5079%3A5000006417
2025-03-19 16:41:59,Canon Color imageCLASS MF642Cdw Wireless Laser Printer w/ Toner PRMCT054H-4 Pack,$309.99,$599.95,N/A,https://www.ebay.com/itm/296874880362?_trkparms=5373%3A5000006400%7C5374%3ATech%7C5079%3A5000006417
2025-03-19 16:41:59,Canon Color imageCLASS MF642Cdw Wireless All-In-One Laser Printer - White,$259.99,$309.95,N/A,https://www.ebay.com/itm/375669059982?_trkparms=5373%3A5000006400%7C5374%3ATech%7C5079%3A5000006417
2025-03-19 16:42:00,Hifonics HFXR Digital Signal Processor Universal Mobile Audio Silver New,$49.95,$99.99,N/A,https://www.ebay.com/itm/155477831041?_trkparms=5373%3A5000006400%7C5374%3ATech%7C5079%3A5000006432
2025-03-19 16:42:00,MB Quart FKB169 6x9 2-Way Car Speakers 75W RMS 150W Peak UTV Compatible New,$39.95,$79.99,N/A,https://www.ebay.com/itm/155534258683?_trkparms=5373%3A5000006400%7C5374%3ATech%7C5079%3A5000006432
2025-03-19 16:42:00,MB Quart Formula FKB168 5x7/6x8 2-Way Car Speakers 50W RMS 100W Peak Power New,$24.99,$44.99,N/A,https://www.ebay.com/itm/155534260342?_trkparms=5373%3A5000006400%7C5374%3ATech%7C5079%3A5000006432
2025-03-19 16:42:00,ZS5768CX ZEUS 5x7/6x8 Inch Speakers 1-inch Neo-Mylar Soft Dome Tweeter,$26.73,$54.99,N/A,https://www.ebay.com/itm/155691326798?_trkparms=5373%3A5000006400%7C5374%3ATech%7C5079%3A5000006432
2025-03-19 16:42:00,Autotek TA-1255.4 1200W 4-Channel Car Amplifier Class A/B Bass EQ Black New,$59.99,$139.99,N/A,https://www.ebay.com/itm/155835298403?_trkparms=5373%3A5000006400%7C5374%3ATech%7C5079%3A5000006432
2025-03-19 16:42:00,Sony FE 24-70mm F2.8 GM II Lens,"$1,719.00","$2,306.99",N/A,https://www.ebay.com/itm/204911213109?_trkparms=5373%3A5000006400%7C5374%3ATech%7C5079%3A5000006425
2025-03-19 16:42:00,Canon 3680C002 Rf 24-70mm F2.8 L is USM,"$1,849.00","$2,656.99",N/A,https://www.ebay.com/itm/326389378879?_trkparms=5373%3A5000006400%7C5374%3ATech%7C5079%3A5000006425
2025-03-19 16:42:00,"Sigma 24-70MM F2.8 DG DN II ART Lens, L Mount",$999.00,"$2,616.00",N/A,https://www.ebay.com/itm/286205099093?_trkparms=5373%3A5000006400%7C5374%3ATech%7C5079%3A5000006425
2025-03-19 16:42:00,Sigma 23mm F1.4 DC DN Contemporary Lens for Sony E Mount with Camera Bag Bundle,$499.99,$594.00,N/A,https://www.ebay.com/itm/285307948467?_trkparms=5373%3A5000006400%7C5374%3ATech%7C5079%3A5000006425
2025-03-19 16:42:00,Canon RF 28-70mm f/2.8 IS STM Lens Canon RF,$999.00,"$1,099.00",N/A,https://www.ebay.com/itm/286086611827?_trkparms=5373%3A5000006400%7C5374%3ATech%7C5079%3A5000006425
2025-03-19 16:42:00,LG 55-Inch Class OLED evo G4 Series 4K TV with webOS 24,"$1,499.00","$3,199.95",N/A,https://www.ebay.com/itm/186732090674?_trkparms=5373%3A5000006400%7C5374%3ATech%7C5079%3A5000006413
2025-03-19 16:42:00,Samsung Music Frame Dolby Atmos Picture Frame/Smart Speaker,$183.00,$499.99,N/A,https://www.ebay.com/itm/186849010545?_trkparms=5373%3A5000006400%7C5374%3ATech%7C5079%3A5000006413
2025-03-19 16:42:00,"Aura Studio 3, Wireless speaker with beautiful Harman Kardon sound",$99.95,$299.95,N/A,https://www.ebay.com/itm/395535173196?_trkparms=5373%3A5000006400%7C5374%3ATech%7C5079%3A5000006413
2025-03-19 16:42:00,LG 77-Inch Class OLED evo C4 Series TV with webOS 24,"$1,856.00","$4,199.95",N/A,https://www.ebay.com/itm/156232239135?_trkparms=5373%3A5000006400%7C5374%3ATech%7C5079%3A5000006413
2025-03-19 16:42:00,STATUS Between 3ANC Wireless Earbuds (CERTIFIED REFURBISHED) - ONYX,$82.88,$119.00,N/A,https://www.ebay.com/itm/266692431952?_trkparms=5373%3A5000006400%7C5374%3ATech%7C5079%3A5000006413
2025-03-19 16:42:00,Apple Pencil (USB-C) - White Stylus MUWA3AM/A with Pixel-Perfect Precision,$48.88,$51.45,N/A,https://www.ebay.com/itm/296262723993?_trkparms=5373%3A5000006400%7C5374%3ATech%7C5079%3A5000006427
2025-03-19 16:42:00,"Logitech Z623 400 Watt Home Speaker System, 2.1 Speaker System - Black",$95.00,$132.68,N/A,https://www.ebay.com/itm/167065352702?_trkparms=5373%3A5000006400%7C5374%3ATech%7C5079%3A5000006427
2025-03-19 16:42:00,Logitech G560 PC Gaming Speaker System with 7.1 DTS:X Ultra Surround Sound,$128.00,$249.99,N/A,https://www.ebay.com/itm/167051732357?_trkparms=5373%3A5000006400%7C5374%3ATech%7C5079%3A5000006427
2025-03-19 16:42:00,Razer Barracuda X Wireless Multi Platform Gaming and Mobile Black Headset,$41.99,$99.95,N/A,https://www.ebay.com/itm/286097764131?_trkparms=5373%3A5000006400%7C5374%3ATech%7C5079%3A5000006427
2025-03-19 16:42:01,"SteelSeries Arctis Nova Pro Gaming Headset for Xbox, PC, PS4, and PS5 (Refurb)",$144.99,$249.99,N/A,https://www.ebay.com/itm/295963007018?_trkparms=5373%3A5000006400%7C5374%3ATech%7C5079%3A5000006427
2025-03-19 16:42:01,Apple Watch Series 10 GPS + Cellular 42mm Smartwatch Aluminium Case - Excellent,$294.99,$499.00,N/A,https://www.ebay.com/itm/156512158074?_trkparms=5373%3A5000006400%7C5374%3ATech%7C5079%3A5000006411
2025-03-19 16:42:01,Apple iPhone 14 256GB Factory Unlocked AT&T T-Mobile Verizon Very Good Condition,$369.95,$899.00,N/A,https://www.ebay.com/itm/295504908589?_trkparms=5373%3A5000006400%7C5374%3ATech%7C5079%3A5000006411
2025-03-19 16:42:01,Apple iPhone 12 64GB - Fully Unlocked - VERY GOOD Condition!! Unlocked!!,$210.99,$599.00,N/A,https://www.ebay.com/itm/325852789181?_trkparms=5373%3A5000006400%7C5374%3ATech%7C5079%3A5000006411
2025-03-19 16:42:01,Samsung Galaxy Watch5 Pro 45mm R925N GPS + Cellular - Excellent,$86.99,$499.99,N/A,https://www.ebay.com/itm/256144554687?_trkparms=5373%3A5000006400%7C5374%3ATech%7C5079%3A5000006411
2025-03-19 16:42:01,Apple Watch Series 7 45mm GPS + WiFi + Cellular Unlocked Aluminum Case - Good,$144.99,$299.99,N/A,https://www.ebay.com/itm/404057662889?_trkparms=5373%3A5000006400%7C5374%3ATech%7C5079%3A5000006411
2025-03-19 16:42:01,TP-Link Deco AXE5300 Wi-Fi 6E Tri-Band 9 3-Pack (Refurbished),$174.99,$299.99,N/A,https://www.ebay.com/itm/144782360525?_trkparms=5373%3A5000006400%7C5374%3ATech%7C5079%3A5000006405
2025-03-19 16:42:01,Ricoh/Fujitsu ScanSnap iX1400 One-Touch 600dpi 40ppm/80ipm Auto Duplex Scanner,$195.00,$435.00,N/A,https://www.ebay.com/itm/176489716730?_trkparms=5373%3A5000006400%7C5374%3ATech%7C5079%3A5000006405
2025-03-19 16:42:01,"Acer XZ322QU 31.5"" Curved Monitor LED 144Hz 2560x1440 Certified Refurbished",$149.99,$249.99,N/A,https://www.ebay.com/itm/256547414823?_trkparms=5373%3A5000006400%7C5374%3ATech%7C5079%3A5000006405
2025-03-19 16:42:01,"Acer PM161Q 15.6"" Monitor LCD Display 60Hz 1920x1080 Certified Refurbished",$59.99,$149.99,N/A,https://www.ebay.com/itm/275924898150?_trkparms=5373%3A5000006400%7C5374%3ATech%7C5079%3A5000006405
2025-03-19 16:42:01,"Acer CB272 E 27"" Monitor FullHD 1920x1080 100Hz IPS 1ms 250Nit HDMI DisplayPort",$89.99,$139.99,N/A,https://www.ebay.com/itm/266600046936?_trkparms=5373%3A5000006400%7C5374%3ATech%7C5079%3A5000006405
